{"cameraMode":{"drawMode":0,"name":"Shaded","section":"Shading Mode"},"sceneLighting":false,"audioPlay":false,"sceneViewState":{"showFog":true,"showMaterialUpdate":false,"showSkybox":true,"showFlares":true,"showImageEffects":true,"showParticleSystems":true},"in2DMode":false,"pivot":{"x":-9.707891464233399,"y":6.181024551391602,"z":3.7988505363464357},"rotation":{"x":0.019498731940984727,"y":-0.0014997132821008564,"z":0.00002924347973021213,"w":0.9998087882995606},"size":4.778581619262695,"orthographic":false}